Model,Accuracy_train,Accuracy_test,Precision_test,Recall_test,F1_test
XGBoost Classifier,0.9058524937585203,0.8849965145459613,0.847115517712141,0.9397380289648105,0.8908933034225056
Gradient Boost Classifier,0.8785028856214016,0.8727087206060042,0.8366805877187726,0.9263714579007193,0.8791020448502943
Decision Tree Classifier,0.8578896213285102,0.8546015545125012,0.8118459693961221,0.9231708146057539,0.8638650423004343
Logistic Regressor,0.8625242111111969,0.8619303025374105,0.8462477441624108,0.885059974214216,0.8649861966423089
