Model,Accuracy_train,Accuracy_test,Precision_test,Recall_test,F1_test
XGBoost Classifier,0.9114571579452576,0.8899548052793012,0.8595882090769725,0.9321607223578277,0.8943794758226528
